dayType,date,deviceType,Channel,Users,OrderCount,FirstTimeUsers,ReturningUsers
SALE,20230807,WAP,Google,78588,3065,78432,156
SALE,20230807,WEB,Others,1430,3,953,477
SALE,20230807,WEB,Direct,23431,2,22378,1053
SALE,20230807,WAP,Others,145466,13239,145044,422
SALE,20230807,WAP,whatsapp,2065,151,2054,11
SALE,20230807,WEB,FB,306,1,192,114
SALE,20230807,WEB,SEO,2420,2,2122,298
SALE,20230807,WAP,Direct,39406,1411,39254,152
SALE,20230807,WAP,FB,240251,15196,240010,241
SALE,20230807,WAP,SEO,9234,181,9218,16
SALE,20230807,WEB,Google,1110,3,909,201
SALE,20230807,WEB,whatsapp,39,0,25,14
SALE,20230722,WEB,SEO,2401,0,2105,296
SALE,20230722,WAP,Direct,39921,1596,39788,133
SALE,20230722,WAP,whatsapp,1713,164,1704,9
SALE,20230722,WEB,Google,966,5,807,159
SALE,20230722,WAP,Google,72702,3396,72537,165
SALE,20230722,WEB,Direct,22535,4,21685,850
SALE,20230722,WEB,whatsapp,45,0,33,12
SALE,20230722,WAP,FB,310388,23492,310064,324
SALE,20230722,WAP,SEO,9339,165,9325,14
SALE,20230722,WEB,FB,300,0,206,94
SALE,20230722,WAP,Others,161385,18293,160919,466
SALE,20230722,WEB,Others,1133,4,786,347
SALE,20231028,WAP,FB,224983,15617,224779,204
SALE,20231028,WAP,Google,72206,3055,72100,106
SALE,20231028,WEB,Others,1019,7,710,309
SALE,20231028,WAP,whatsapp,1054,58,1042,12
SALE,20231028,WEB,whatsapp,14,0,10,4
SALE,20231028,WEB,Google,1054,2,886,168
SALE,20231028,WAP,Others,118520,12112,118251,269
SALE,20231028,WEB,Direct,19765,1,19035,730
SALE,20231028,WEB,FB,493,2,328,165
SALE,20231028,WAP,SEO,6874,104,6869,5
SALE,20231028,WAP,Direct,44519,2325,44379,140
SALE,20231028,WEB,SEO,2103,0,1883,220
SALE,20230716,WAP,FB,361873,26540,361494,379
SALE,20230716,WEB,Google,848,3,725,123
SALE,20230716,WAP,SEO,8765,149,8742,23
SALE,20230716,WEB,SEO,1985,0,1760,225
SALE,20230716,WAP,Direct,40437,1666,40302,135
SALE,20230716,WEB,whatsapp,27,0,20,7
SALE,20230716,WEB,Direct,21000,4,20493,507
SALE,20230716,WEB,Others,1024,2,798,226
SALE,20230716,WEB,FB,354,0,253,101
SALE,20230716,WAP,Others,165321,19285,164837,484
SALE,20230716,WAP,Google,63198,2983,63068,130
SALE,20230716,WAP,whatsapp,1808,160,1798,10
SALE,20230708,WAP,Google,80663,3775,80519,144
SALE,20230708,WEB,Google,1072,7,919,153
SALE,20230708,WEB,whatsapp,30,0,25,5
SALE,20230708,WEB,Others,1237,4,860,377
SALE,20230708,WEB,Direct,17789,2,16973,816
SALE,20230708,WAP,Others,174684,20360,174177,507
SALE,20230708,WAP,FB,351371,27796,351004,367
SALE,20230708,WEB,SEO,2746,0,2442,304
SALE,20230708,WAP,whatsapp,1632,135,1621,11
SALE,20230708,WAP,SEO,8903,160,8887,16
SALE,20230708,WEB,FB,319,0,215,104
SALE,20230708,WAP,Direct,43121,1689,42979,142
SALE,20230704,WEB,Direct,27192,1,26088,1104
SALE,20230704,WAP,FB,415401,30317,414960,441
SALE,20230704,WEB,whatsapp,46,0,33,13
SALE,20230704,WAP,Others,190845,21872,190408,437
SALE,20230704,WAP,whatsapp,1992,144,1980,12
SALE,20230704,WAP,Google,82562,4248,82396,166
SALE,20230704,WEB,Google,1032,2,859,173
SALE,20230704,WEB,FB,373,0,240,133
SALE,20230704,WAP,SEO,8793,128,8774,19
SALE,20230704,WAP,Direct,42135,1861,41963,172
SALE,20230704,WEB,SEO,3049,1,2650,399
SALE,20230704,WEB,Others,1335,2,915,420
SALE,20230813,WAP,whatsapp,1573,136,1562,11
SALE,20230813,WEB,Others,815,11,588,227
SALE,20230813,WAP,Others,117075,12282,116711,364
SALE,20230813,WEB,whatsapp,23,0,13,10
SALE,20230813,WEB,Direct,17444,1,16907,537
SALE,20230813,WEB,SEO,1579,0,1408,171
SALE,20230813,WAP,Google,79060,3087,78885,175
SALE,20230813,WAP,SEO,9104,169,9090,14
SALE,20230813,WAP,Direct,35514,1398,35384,130
SALE,20230813,WEB,FB,340,0,230,110
SALE,20230813,WEB,Google,804,3,666,138
SALE,20230813,WAP,FB,212926,14912,212716,210
SALE,20230820,WAP,FB,277881,17947,277627,254
SALE,20230820,WAP,Others,139634,14342,139278,356
SALE,20230820,WAP,Google,94389,4014,94243,146
SALE,20230820,WAP,SEO,7336,115,7320,16
SALE,20230820,WEB,Google,967,7,832,135
SALE,20230820,WAP,whatsapp,694,52,689,5
SALE,20230820,WEB,whatsapp,10,0,6,4
SALE,20230820,WEB,FB,497,1,343,154
SALE,20230820,WAP,Direct,39955,1619,39823,132
SALE,20230820,WEB,Others,884,2,705,179
SALE,20230820,WEB,SEO,1888,1,1677,211
SALE,20230820,WEB,Direct,18291,1,17771,520
SALE,20230803,WEB,FB,295,0,197,98
SALE,20230803,WEB,SEO,2400,0,2095,305
SALE,20230803,WAP,whatsapp,1998,136,1991,7
SALE,20230803,WAP,FB,195437,14897,195199,238
SALE,20230803,WEB,Google,1181,4,995,186
SALE,20230803,WEB,whatsapp,37,0,29,8
SALE,20230803,WEB,Others,1436,11,1009,427
SALE,20230803,WAP,Google,78522,3087,78361,161
SALE,20230803,WAP,Direct,35787,1285,35635,152
SALE,20230803,WEB,Direct,20733,1,19723,1010
SALE,20230803,WAP,Others,135091,13665,134647,444
SALE,20230803,WAP,SEO,8415,150,8406,9
SALE,20230811,WEB,Direct,19516,2,18483,1033
SALE,20230811,WEB,whatsapp,34,0,26,8
SALE,20230811,WAP,SEO,8663,126,8648,15
SALE,20230811,WEB,FB,193,0,116,77
SALE,20230811,WAP,Direct,33523,948,33363,160
SALE,20230811,WEB,SEO,2153,0,1901,252
SALE,20230811,WAP,Others,85473,8258,85171,302
SALE,20230811,WAP,Google,83522,2995,83375,147
SALE,20230811,WEB,Google,1091,6,904,187
SALE,20230811,WEB,Others,1140,5,759,381
SALE,20230811,WAP,FB,100397,8007,100253,144
SALE,20230811,WAP,whatsapp,1670,114,1662,8
SALE,20230812,WEB,whatsapp,26,0,20,6
SALE,20230812,WAP,Others,100775,10629,100445,330
SALE,20230812,WAP,whatsapp,1483,166,1469,14
SALE,20230812,WEB,Direct,15823,3,14947,876
SALE,20230812,WEB,Others,991,2,705,286
SALE,20230812,WAP,Google,60345,2439,60207,138
SALE,20230812,WAP,FB,171191,12556,170982,209
SALE,20230812,WAP,Direct,33822,1101,33703,119
SALE,20230812,WAP,SEO,8637,158,8618,19
SALE,20230812,WEB,Google,909,1,753,156
SALE,20230812,WEB,SEO,1889,0,1670,219
SALE,20230812,WEB,FB,297,1,207,90
SALE,20230901,WAP,FB,199062,13758,198849,213
SALE,20230901,WEB,FB,317,0,215,102
SALE,20230901,WEB,Google,1289,3,1072,217
SALE,20230901,WEB,Direct,24218,1,23251,967
SALE,20230901,WEB,SEO,2466,0,2166,300
SALE,20230901,WAP,SEO,7214,88,7199,15
SALE,20230901,WAP,Google,76632,2834,76484,148
SALE,20230901,WEB,whatsapp,17,0,13,4
SALE,20230901,WAP,whatsapp,1044,77,1039,5
SALE,20230901,WAP,Others,103678,10988,103344,334
SALE,20230901,WAP,Direct,37429,1438,37299,130
SALE,20230901,WEB,Others,957,3,594,363
SALE,20230902,WEB,Direct,36178,0,35418,760
SALE,20230902,WAP,SEO,7420,126,7410,10
SALE,20230902,WEB,Google,1077,11,898,179
SALE,20230902,WEB,FB,316,0,206,110
SALE,20230902,WAP,FB,237381,15577,237126,255
SALE,20230902,WEB,Others,825,9,563,262
SALE,20230902,WAP,Google,80851,3063,80689,162
SALE,20230902,WAP,Direct,39438,1527,39330,108
SALE,20230902,WAP,Others,122241,12821,121932,309
SALE,20230902,WEB,SEO,2130,1,1868,262
SALE,20230902,WAP,whatsapp,1121,83,1112,9
SALE,20230902,WEB,whatsapp,32,0,24,8
SALE,20230721,WAP,Direct,38257,1464,38119,138
SALE,20230721,WEB,whatsapp,36,0,26,10
SALE,20230721,WAP,FB,201471,16660,201205,266
SALE,20230721,WEB,SEO,2718,0,2378,340
SALE,20230721,WEB,Google,1026,5,872,154
SALE,20230721,WEB,Direct,24261,3,23232,1029
SALE,20230721,WEB,Others,1285,3,890,395
SALE,20230721,WAP,Google,72889,3430,72730,159
SALE,20230721,WEB,FB,213,0,131,82
SALE,20230721,WAP,Others,122155,14395,121758,397
SALE,20230721,WAP,SEO,8881,147,8863,18
SALE,20230721,WAP,whatsapp,1816,178,1796,20
SALE,20231010,WAP,Others,103958,9828,103672,286
SALE,20231010,WAP,Direct,41094,1658,40931,163
SALE,20231010,WAP,Google,52286,2133,52192,94
SALE,20231010,WEB,FB,608,0,450,158
SALE,20231010,WEB,SEO,2858,1,2546,312
SALE,20231010,WEB,Direct,27867,3,26815,1052
SALE,20231010,WAP,whatsapp,979,94,975,4
SALE,20231010,WAP,SEO,7320,114,7302,18
SALE,20231010,WEB,whatsapp,22,0,10,12
SALE,20231010,WEB,Others,972,2,706,266
SALE,20231010,WEB,Google,1018,1,898,120
SALE,20231010,WAP,FB,196373,12186,196149,224
SALE,20230821,WAP,FB,279642,17983,279358,284
SALE,20230821,WEB,FB,507,0,342,165
SALE,20230821,WEB,Google,1256,8,1042,214
SALE,20230821,WAP,SEO,6946,113,6929,17
SALE,20230821,WEB,Others,1255,4,899,356
SALE,20230821,WEB,Direct,17648,7,16666,982
SALE,20230821,WEB,SEO,2683,0,2338,345
SALE,20230821,WAP,Google,89866,3737,89710,156
SALE,20230821,WEB,whatsapp,21,0,15,6
SALE,20230821,WAP,Direct,38363,1664,38227,136
SALE,20230821,WAP,Others,138379,14007,138028,351
SALE,20230821,WAP,whatsapp,671,59,666,5
SALE,20231008,WEB,Others,872,2,663,209
SALE,20231008,WEB,Direct,21727,0,21174,553
SALE,20231008,WEB,FB,441,0,300,141
SALE,20231008,WAP,Others,103555,11020,103256,299
SALE,20231008,WAP,FB,188828,13555,188612,216
SALE,20231008,WAP,SEO,7957,118,7946,11
SALE,20231008,WAP,whatsapp,900,66,896,4
SALE,20231008,WEB,whatsapp,9,1,4,5
SALE,20231008,WEB,Google,760,3,648,112
SALE,20231008,WAP,Direct,41533,1532,41385,148
SALE,20231008,WEB,SEO,2130,3,1894,236
SALE,20231008,WAP,Google,48349,2291,48253,96
SALE,20231001,WEB,SEO,1963,0,1751,212
SALE,20231001,WAP,FB,262928,17839,262648,280
SALE,20231001,WAP,Direct,44016,2024,43853,163
SALE,20231001,WEB,Others,863,3,658,205
SALE,20231001,WAP,Others,133751,13930,133418,333
SALE,20231001,WAP,whatsapp,889,71,887,2
SALE,20231001,WEB,Direct,20463,4,19923,540
SALE,20231001,WEB,Google,973,2,825,148
SALE,20231001,WEB,FB,518,3,370,148
SALE,20231001,WAP,SEO,8229,113,8210,19
SALE,20231001,WAP,Google,83174,3452,83050,124
SALE,20231001,WEB,whatsapp,11,0,4,7
SALE,20230916,WAP,Direct,39565,1561,39458,107
SALE,20230916,WAP,whatsapp,677,61,673,4
SALE,20230916,WEB,Others,913,0,614,299
SALE,20230916,WAP,FB,209485,16004,209235,250
SALE,20230916,WEB,Direct,14780,4,14008,772
SALE,20230916,WEB,SEO,2224,0,1993,231
SALE,20230916,WEB,FB,517,1,363,154
SALE,20230916,WAP,Google,66845,2977,66754,91
SALE,20230916,WEB,Google,961,1,840,121
SALE,20230916,WAP,SEO,7082,71,7075,7
SALE,20230916,WAP,Others,107966,12415,107682,284
SALE,20230916,WEB,whatsapp,12,0,7,5
SALE,20230928,WAP,Google,64273,2973,64160,113
SALE,20230928,WAP,FB,150689,11761,150513,176
SALE,20230928,WAP,Direct,40768,1696,40622,146
SALE,20230928,WEB,SEO,2543,0,2270,273
SALE,20230928,WAP,Others,90995,9849,90698,297
SALE,20230928,WAP,SEO,7592,113,7579,13
SALE,20230928,WEB,Direct,19723,5,18765,958
SALE,20230928,WAP,whatsapp,892,112,886,6
SALE,20230928,WEB,Google,929,6,815,114
SALE,20230928,WEB,Others,1166,1,850,316
SALE,20230928,WEB,FB,312,0,197,115
SALE,20230928,WEB,whatsapp,19,1,10,9
SALE,20230804,WAP,Google,101300,3386,101111,189
SALE,20230804,WEB,FB,303,0,209,94
SALE,20230804,WAP,SEO,8355,143,8341,14
SALE,20230804,WEB,Others,1588,7,1146,442
SALE,20230804,WEB,SEO,2345,0,2039,306
SALE,20230804,WEB,Direct,18993,5,18021,972
SALE,20230804,WEB,whatsapp,19,0,11,8
SALE,20230804,WAP,Direct,36916,1435,36776,140
SALE,20230804,WAP,whatsapp,1774,152,1764,10
SALE,20230804,WEB,Google,1310,8,1111,199
SALE,20230804,WAP,Others,154455,14011,154002,453
SALE,20230804,WAP,FB,226265,16227,226008,257
SALE,20231009,WEB,Others,1126,7,761,365
SALE,20231009,WEB,Direct,19089,4,18130,959
SALE,20231009,WAP,Direct,41092,1646,40935,157
SALE,20231009,WAP,SEO,7074,107,7062,12
SALE,20231009,WEB,FB,527,3,374,153
SALE,20231009,WAP,Others,104045,10192,103762,283
SALE,20231009,WAP,Google,45899,1930,45806,93
SALE,20231009,WEB,SEO,2799,0,2478,321
SALE,20231009,WEB,Google,865,4,734,131
SALE,20231009,WAP,whatsapp,992,63,984,8
SALE,20231009,WAP,FB,210861,13827,210632,229
SALE,20231009,WEB,whatsapp,19,0,13,6
BAU,20230802,WAP,Others,129236,11314,128873,363
BAU,20230802,WEB,Others,1317,4,898,419
BAU,20230802,WAP,FB,262474,15722,262221,253
BAU,20230802,WEB,SEO,2446,1,2166,280
BAU,20230802,WAP,Direct,36375,1180,36221,154
BAU,20230802,WEB,FB,354,0,245,109
BAU,20230802,WEB,Google,1328,4,1129,199
BAU,20230802,WAP,Google,84754,2772,84576,178
BAU,20230802,WEB,Direct,20674,4,19697,977
BAU,20230802,WAP,SEO,8498,148,8488,10
BAU,20230802,WEB,whatsapp,21,0,15,6
BAU,20230802,WAP,whatsapp,1054,80,1049,5
BAU,20231003,WAP,Google,70160,2411,70045,115
BAU,20231003,WAP,FB,265140,14125,264904,236
BAU,20231003,WEB,whatsapp,22,0,17,5
BAU,20231003,WEB,Google,972,3,835,137
BAU,20231003,WAP,SEO,7125,79,7113,12
BAU,20231003,WEB,FB,579,2,412,167
BAU,20231003,WEB,SEO,2665,0,2359,306
BAU,20231003,WAP,Direct,38214,1331,38057,157
BAU,20231003,WEB,Others,1062,1,725,337
BAU,20231003,WEB,Direct,25876,1,24935,941
BAU,20231003,WAP,Others,121344,9856,121077,267
BAU,20231003,WAP,whatsapp,1078,55,1076,2
BAU,20230907,WEB,Others,977,0,654,323
BAU,20230907,WAP,whatsapp,1730,77,1723,7
BAU,20230907,WAP,Direct,36730,1328,36599,131
BAU,20230907,WEB,SEO,2343,0,2080,263
BAU,20230907,WAP,Google,69962,2329,69827,135
BAU,20230907,WEB,Direct,21190,6,20301,889
BAU,20230907,WAP,FB,232391,14871,232136,255
BAU,20230907,WAP,SEO,6851,84,6843,8
BAU,20230907,WEB,whatsapp,32,0,20,12
BAU,20230907,WEB,Google,1091,4,912,179
BAU,20230907,WEB,FB,273,0,165,108
BAU,20230907,WAP,Others,108323,10369,108037,286
BAU,20230710,WEB,SEO,2967,1,2611,356
BAU,20230710,WEB,Google,1031,1,870,161
BAU,20230710,WAP,whatsapp,1666,89,1655,11
BAU,20230710,WAP,FB,404136,21886,403770,366
BAU,20230710,WAP,Google,73891,2744,73745,146
BAU,20230710,WEB,Direct,15667,3,14613,1054
BAU,20230710,WEB,FB,342,0,245,97
BAU,20230710,WAP,Direct,42874,1355,42707,167
BAU,20230710,WAP,SEO,8548,111,8532,16
BAU,20230710,WEB,Others,1272,2,863,409
BAU,20230710,WAP,Others,171965,14761,171536,429
BAU,20230710,WEB,whatsapp,22,0,16,6
BAU,20231020,WEB,SEO,2201,2,1920,281
BAU,20231020,WAP,SEO,6086,81,6076,10
BAU,20231020,WEB,FB,314,0,191,123
BAU,20231020,WEB,Others,1019,1,679,340
BAU,20231020,WAP,FB,161559,10823,161363,196
BAU,20231020,WEB,whatsapp,15,0,12,3
BAU,20231020,WAP,Others,87225,7800,86964,261
BAU,20231020,WEB,Direct,16240,0,15018,1222
BAU,20231020,WAP,Direct,34059,1094,33939,120
BAU,20231020,WAP,Google,55690,1932,55599,91
BAU,20231020,WAP,whatsapp,962,59,956,6
BAU,20231020,WEB,Google,805,3,681,124
BAU,20230730,WEB,whatsapp,4,0,1,3
BAU,20230730,WEB,Direct,21912,7,21383,529
BAU,20230730,WAP,FB,239922,15390,239652,270
BAU,20230730,WEB,SEO,1837,0,1657,180
BAU,20230730,WAP,Google,90482,3029,90315,167
BAU,20230730,WEB,FB,323,0,223,100
BAU,20230730,WAP,Direct,39667,1293,39507,160
BAU,20230730,WAP,SEO,9490,158,9475,15
BAU,20230730,WEB,Google,1096,4,941,155
BAU,20230730,WEB,Others,986,3,711,275
BAU,20230730,WAP,Others,123044,11068,122668,376
BAU,20230730,WAP,whatsapp,329,11,326,3
BAU,20230729,WAP,Others,118528,10778,118187,341
BAU,20230729,WEB,Direct,20227,7,19376,851
BAU,20230729,WEB,whatsapp,10,1,6,4
BAU,20230729,WAP,Google,89216,2867,89074,142
BAU,20230729,WEB,FB,310,0,216,94
BAU,20230729,WAP,SEO,8870,158,8852,18
BAU,20230729,WAP,whatsapp,439,28,434,5
BAU,20230729,WAP,Direct,38202,1241,38092,110
BAU,20230729,WAP,FB,223827,14250,223579,248
BAU,20230729,WEB,Google,1171,6,1026,145
BAU,20230729,WEB,Others,976,1,662,314
BAU,20230729,WEB,SEO,2354,0,2061,293
BAU,20230824,WEB,SEO,2550,0,2194,356
BAU,20230824,WAP,Others,128529,11869,128219,310
BAU,20230824,WAP,Google,83893,2609,83746,147
BAU,20230824,WEB,whatsapp,10,0,6,4
BAU,20230824,WEB,Google,1114,4,921,193
BAU,20230824,WEB,Others,908,1,612,296
BAU,20230824,WAP,FB,285646,17774,285370,276
BAU,20230824,WEB,FB,418,0,270,148
BAU,20230824,WAP,SEO,6540,87,6529,11
BAU,20230824,WAP,whatsapp,606,42,601,5
BAU,20230824,WEB,Direct,19893,1,18953,940
BAU,20230824,WAP,Direct,38044,1441,37900,144
BAU,20230911,WEB,Direct,14968,1,13992,976
BAU,20230911,WAP,whatsapp,795,30,793,2
BAU,20230911,WAP,FB,299967,16406,299693,274
BAU,20230911,WAP,Google,70512,2292,70360,152
BAU,20230911,WEB,whatsapp,21,0,14,7
BAU,20230911,WEB,SEO,2579,0,2306,273
BAU,20230911,WEB,FB,759,3,583,176
BAU,20230911,WEB,Others,1139,4,771,368
BAU,20230911,WAP,SEO,7034,81,7024,10
BAU,20230911,WAP,Others,127301,11041,127032,269
BAU,20230911,WAP,Direct,37866,1203,37732,134
BAU,20230911,WEB,Google,1106,0,928,178
BAU,20230731,WEB,FB,372,1,261,111
BAU,20230731,WEB,Direct,18859,4,17886,973
BAU,20230731,WAP,Direct,37467,1227,37309,158
BAU,20230731,WAP,Others,131767,11607,131433,334
BAU,20230731,WAP,SEO,8875,108,8858,17
BAU,20230731,WAP,FB,269894,16095,269634,260
BAU,20230731,WEB,Others,1350,15,959,391
BAU,20230731,WEB,whatsapp,7,0,3,4
BAU,20230731,WAP,whatsapp,271,15,267,4
BAU,20230731,WAP,Google,84050,2740,83917,133
BAU,20230731,WEB,SEO,2582,0,2272,310
BAU,20230731,WEB,Google,1490,2,1321,169
BAU,20230728,WEB,Direct,22188,0,21199,989
BAU,20230728,WAP,whatsapp,1784,126,1776,8
BAU,20230728,WAP,Google,73212,2627,73050,162
BAU,20230728,WEB,Google,1032,2,847,185
BAU,20230728,WAP,FB,216568,13653,216317,251
BAU,20230728,WAP,Others,114706,10373,114344,362
BAU,20230728,WEB,SEO,2571,0,2229,342
BAU,20230728,WEB,whatsapp,27,0,13,14
BAU,20230728,WEB,FB,351,1,238,113
BAU,20230728,WAP,Direct,36488,1096,36360,128
BAU,20230728,WAP,SEO,8625,114,8610,15
BAU,20230728,WEB,Others,1183,2,821,362
BAU,20231019,WEB,Google,940,5,797,143
BAU,20231019,WAP,SEO,6231,73,6218,13
BAU,20231019,WEB,SEO,2366,0,2069,297
BAU,20231019,WAP,Google,56068,2125,55983,85
BAU,20231019,WAP,FB,176548,10197,176342,206
BAU,20231019,WEB,Others,1200,5,804,396
BAU,20231019,WAP,whatsapp,988,53,983,5
BAU,20231019,WAP,Direct,35303,1107,35189,114
BAU,20231019,WEB,Direct,13670,2,12438,1232
BAU,20231019,WEB,whatsapp,22,0,15,7
BAU,20231019,WAP,Others,91269,7621,91004,265
BAU,20231019,WEB,FB,361,1,234,127
SALE,20230904,WEB,whatsapp,27,0,17,10
SALE,20230904,WEB,Direct,19647,2,18656,991
SALE,20230904,WEB,SEO,2685,1,2355,330
SALE,20230904,WAP,FB,291612,18723,291321,291
SALE,20230904,WAP,SEO,7254,120,7234,20
SALE,20230904,WEB,Others,1113,1,770,343
SALE,20230904,WAP,whatsapp,1134,97,1122,12
SALE,20230904,WEB,FB,297,0,178,119
SALE,20230904,WAP,Google,85756,3551,85583,173
SALE,20230904,WAP,Direct,40654,1857,40497,157
SALE,20230904,WEB,Google,1172,7,972,200
SALE,20230904,WAP,Others,140397,14798,140002,395
BAU,20230825,WAP,whatsapp,553,20,549,4
BAU,20230825,WAP,Others,130285,11728,129978,307
BAU,20230825,WEB,whatsapp,14,0,8,6
BAU,20230825,WAP,FB,279032,16867,278769,263
BAU,20230825,WAP,SEO,6468,83,6453,15
BAU,20230825,WEB,Google,1224,3,1020,204
BAU,20230825,WEB,Direct,23721,0,22762,959
BAU,20230825,WAP,Google,81823,2561,81685,138
BAU,20230825,WEB,Others,1042,2,714,328
BAU,20230825,WAP,Direct,36223,1263,36095,128
BAU,20230825,WEB,FB,357,1,242,115
BAU,20230825,WEB,SEO,2444,0,2117,327
BAU,20230706,WAP,whatsapp,2053,116,2044,9
BAU,20230706,WAP,SEO,8630,105,8617,13
BAU,20230706,WEB,FB,353,1,230,123
BAU,20230706,WEB,whatsapp,29,0,21,8
BAU,20230706,WEB,Others,1294,3,866,428
BAU,20230706,WAP,FB,368881,23844,368497,384
BAU,20230706,WEB,SEO,3023,0,2669,354
BAU,20230706,WEB,Direct,23786,3,22767,1019
BAU,20230706,WAP,Others,163868,16257,163475,393
BAU,20230706,WAP,Direct,42663,1537,42514,149
BAU,20230706,WAP,Google,76903,2996,76738,165
BAU,20230706,WEB,Google,993,6,842,151
SALE,20230709,WAP,FB,361316,26457,360953,363
SALE,20230709,WAP,Direct,43896,1698,43752,144
SALE,20230709,WEB,Google,976,5,855,121
SALE,20230709,WEB,FB,295,0,181,114
SALE,20230709,WEB,Others,1000,4,756,244
SALE,20230709,WEB,Direct,17480,4,16920,560
SALE,20230709,WAP,SEO,9313,141,9298,15
SALE,20230709,WAP,Others,178429,20431,177971,458
SALE,20230709,WAP,Google,86459,4070,86311,148
SALE,20230709,WAP,whatsapp,1847,193,1837,10
SALE,20230709,WEB,whatsapp,22,0,12,10
SALE,20230709,WEB,SEO,2085,0,1865,220
SALE,20230923,WEB,Direct,16098,1,15259,839
SALE,20230923,WEB,whatsapp,18,0,11,7
SALE,20230923,WAP,SEO,7570,112,7555,15
SALE,20230923,WAP,FB,228781,15898,228529,252
SALE,20230923,WEB,Others,908,1,648,260
SALE,20230923,WAP,Others,110646,11949,110331,315
SALE,20230923,WAP,Direct,41918,1847,41784,134
SALE,20230923,WEB,SEO,2357,0,2095,262
SALE,20230923,WEB,Google,1011,1,903,108
SALE,20230923,WAP,Google,63081,2747,62980,101
SALE,20230923,WEB,FB,557,1,407,150
SALE,20230923,WAP,whatsapp,1049,63,1045,4
BAU,20230921,WEB,SEO,2613,0,2285,328
BAU,20230921,WEB,Google,853,3,721,132
BAU,20230921,WAP,SEO,7082,83,7072,10
BAU,20230921,WAP,Google,55420,2049,55337,83
BAU,20230921,WAP,Direct,38566,1373,38419,147
BAU,20230921,WEB,whatsapp,17,0,15,2
BAU,20230921,WAP,FB,209498,12906,209272,226
BAU,20230921,WAP,Others,92846,8490,92601,245
BAU,20230921,WEB,Others,975,3,666,309
BAU,20230921,WAP,whatsapp,1093,56,1085,8
BAU,20230921,WEB,Direct,18085,6,17112,973
BAU,20230921,WEB,FB,649,4,474,175
BAU,20230822,WAP,SEO,6882,82,6868,14
BAU,20230822,WAP,Google,79678,2683,79533,145
BAU,20230822,WAP,whatsapp,599,41,594,5
BAU,20230822,WAP,Direct,38891,1221,38741,150
BAU,20230822,WEB,FB,507,2,356,151
BAU,20230822,WEB,Direct,19279,2,18341,938
BAU,20230822,WEB,SEO,2695,0,2349,346
BAU,20230822,WAP,Others,143551,12493,143223,328
BAU,20230822,WEB,whatsapp,12,0,8,4
BAU,20230822,WAP,FB,326167,17879,325882,285
BAU,20230822,WEB,Others,1029,5,707,322
BAU,20230822,WEB,Google,1226,3,1029,197
BAU,20230705,WEB,whatsapp,37,0,25,12
BAU,20230705,WAP,Google,81056,3025,80907,149
BAU,20230705,WAP,whatsapp,2144,147,2125,19
BAU,20230705,WEB,SEO,2959,2,2608,351
BAU,20230705,WAP,FB,439564,25182,439164,400
BAU,20230705,WEB,FB,397,0,252,145
BAU,20230705,WAP,Others,185403,16858,185019,384
BAU,20230705,WEB,Google,1058,2,893,165
BAU,20230705,WAP,SEO,8567,111,8556,11
BAU,20230705,WEB,Direct,25012,3,23990,1022
BAU,20230705,WAP,Direct,43535,1496,43383,152
BAU,20230705,WEB,Others,1320,3,917,403
SALE,20230701,WEB,whatsapp,36,0,28,8
SALE,20230701,WEB,SEO,2612,1,2298,314
SALE,20230701,WEB,Google,985,3,852,133
SALE,20230701,WEB,Others,1170,3,883,287
SALE,20230701,WAP,SEO,8819,140,8806,13
SALE,20230701,WAP,Direct,41090,1602,40955,135
SALE,20230701,WAP,whatsapp,1391,100,1381,10
SALE,20230701,WEB,FB,256,0,164,92
SALE,20230701,WAP,Others,137634,15945,137227,407
SALE,20230701,WAP,Google,73480,3574,73315,165
SALE,20230701,WEB,Direct,22710,2,21896,814
SALE,20230701,WAP,FB,266853,21120,266490,363
SALE,20230915,WEB,SEO,2485,2,2194,291
SALE,20230915,WEB,Others,932,3,629,303
SALE,20230915,WAP,Google,64875,2782,64778,97
SALE,20230915,WAP,Others,105524,12197,105188,336
SALE,20230915,WEB,Google,991,3,840,151
SALE,20230915,WAP,Direct,37606,1569,37478,128
SALE,20230915,WAP,SEO,6433,100,6426,7
SALE,20230915,WEB,whatsapp,15,0,11,4
SALE,20230915,WEB,FB,520,0,356,164
SALE,20230915,WAP,whatsapp,624,36,621,3
SALE,20230915,WEB,Direct,16558,0,15636,922
SALE,20230915,WAP,FB,204460,15809,204211,249
SALE,20231013,WAP,whatsapp,865,58,863,2
SALE,20231013,WAP,Others,109501,11192,109226,275
SALE,20231013,WEB,Direct,20553,5,19594,959
SALE,20231013,WAP,Google,57876,2357,57779,97
SALE,20231013,WEB,SEO,2645,0,2314,331
SALE,20231013,WAP,SEO,6952,137,6933,19
SALE,20231013,WEB,Others,1114,5,765,349
SALE,20231013,WEB,Google,1760,3,1620,140
SALE,20231013,WAP,Direct,42766,1921,42606,160
SALE,20231013,WEB,FB,510,1,332,178
SALE,20231013,WEB,whatsapp,17,0,14,3
SALE,20231013,WAP,FB,198114,13795,197888,226
SALE,20230814,WEB,FB,437,4,314,123
SALE,20230814,WAP,Direct,34264,1406,34110,154
SALE,20230814,WAP,Others,127794,12243,127416,378
SALE,20230814,WEB,Direct,20072,0,19087,985
SALE,20230814,WEB,Others,1105,2,744,361
SALE,20230814,WEB,Google,952,0,773,179
SALE,20230814,WEB,SEO,2036,1,1814,222
SALE,20230814,WEB,whatsapp,32,0,22,10
SALE,20230814,WAP,FB,247379,14860,247125,254
SALE,20230814,WAP,whatsapp,1555,131,1545,10
SALE,20230814,WAP,Google,70874,2738,70736,138
SALE,20230814,WAP,SEO,8401,161,8384,17
SALE,20230703,WAP,whatsapp,1922,125,1915,7
SALE,20230703,WAP,FB,358711,25456,358327,384
SALE,20230703,WEB,Google,1058,1,868,190
SALE,20230703,WAP,SEO,8650,146,8638,12
SALE,20230703,WEB,Others,1187,1,818,369
SALE,20230703,WEB,SEO,3134,0,2722,412
SALE,20230703,WAP,Direct,41192,1737,41034,158
SALE,20230703,WAP,Google,80539,3680,80380,159
SALE,20230703,WAP,Others,170889,18860,170456,433
SALE,20230703,WEB,Direct,17848,1,16803,1045
SALE,20230703,WEB,FB,301,1,185,116
SALE,20230703,WEB,whatsapp,29,1,20,9
BAU,20230918,WEB,Google,1001,3,848,153
BAU,20230918,WAP,FB,258696,14834,258427,269
BAU,20230918,WEB,Others,999,1,698,301
BAU,20230918,WAP,Google,64649,2167,64528,121
BAU,20230918,WEB,Direct,20952,3,20028,924
BAU,20230918,WAP,SEO,7262,84,7253,9
BAU,20230918,WEB,whatsapp,6,0,4,2
BAU,20230918,WAP,Others,113383,9996,113092,291
BAU,20230918,WAP,whatsapp,611,34,606,5
BAU,20230918,WAP,Direct,38390,1234,38265,125
BAU,20230918,WEB,SEO,2388,0,2121,267
BAU,20230918,WEB,FB,626,2,464,162
BAU,20230816,WEB,Direct,17831,3,16822,1009
BAU,20230816,WAP,Others,112293,9862,111994,299
BAU,20230816,WAP,Google,64393,1785,64247,146
BAU,20230816,WAP,Direct,33732,1139,33598,134
BAU,20230816,WEB,Google,882,1,713,169
BAU,20230816,WAP,FB,246800,14824,246567,233
BAU,20230816,WAP,whatsapp,589,32,585,4
BAU,20230816,WEB,SEO,2133,1,1885,248
BAU,20230816,WAP,SEO,8414,143,8405,9
BAU,20230816,WEB,Others,990,2,668,322
BAU,20230816,WEB,FB,420,0,295,125
BAU,20230816,WEB,whatsapp,11,0,5,6
BAU,20230830,WEB,Google,1153,2,951,202
BAU,20230830,WAP,Google,68354,2200,68208,146
BAU,20230830,WEB,whatsapp,19,0,14,5
BAU,20230830,WAP,FB,243308,15971,243052,256
BAU,20230830,WEB,FB,348,0,228,120
BAU,20230830,WAP,whatsapp,767,42,763,4
BAU,20230830,WEB,Direct,20598,4,19905,693
BAU,20230830,WAP,Direct,35097,1243,34987,110
BAU,20230830,WEB,Others,868,5,587,281
BAU,20230830,WAP,Others,111165,10807,110877,288
BAU,20230830,WEB,SEO,2328,0,2069,259
BAU,20230830,WAP,SEO,6708,81,6695,13
BAU,20230726,WEB,Others,1216,1,822,394
BAU,20230726,WAP,Google,70421,2638,70290,131
BAU,20230726,WEB,SEO,2766,0,2437,329
BAU,20230726,WAP,FB,275451,17392,275177,274
BAU,20230726,WEB,Google,953,3,815,138
BAU,20230726,WAP,Direct,38420,1339,38274,146
BAU,20230726,WAP,Others,131290,12176,130944,346
BAU,20230726,WEB,FB,373,1,266,107
BAU,20230726,WEB,Direct,24818,0,23811,1007
BAU,20230726,WEB,whatsapp,30,0,21,9
BAU,20230726,WAP,whatsapp,1495,90,1482,13
BAU,20230726,WAP,SEO,8856,124,8840,16
BAU,20230718,WEB,Others,1279,3,901,378
BAU,20230718,WEB,SEO,2866,0,2517,349
BAU,20230718,WAP,Others,128547,13126,128202,345
BAU,20230718,WEB,Direct,29271,1,28276,995
BAU,20230718,WEB,whatsapp,31,0,21,10
BAU,20230718,WAP,Direct,38554,1194,38413,141
BAU,20230718,WAP,SEO,8972,123,8957,15
BAU,20230718,WAP,whatsapp,1492,93,1486,6
BAU,20230718,WAP,FB,269003,18614,268705,298
BAU,20230718,WEB,FB,234,0,151,83
BAU,20230718,WAP,Google,74994,2899,74854,140
BAU,20230718,WEB,Google,1067,1,907,160
BAU,20230927,WAP,SEO,7063,68,7053,10
BAU,20230927,WEB,SEO,2583,0,2270,313
BAU,20230927,WAP,Direct,37413,1176,37280,133
BAU,20230927,WEB,Direct,31224,3,30263,961
BAU,20230927,WAP,Google,68388,2369,68286,102
BAU,20230927,WAP,Others,90962,7658,90699,263
BAU,20230927,WEB,Google,910,4,776,134
BAU,20230927,WEB,FB,361,0,230,131
BAU,20230927,WAP,whatsapp,1064,55,1057,7
BAU,20230927,WEB,whatsapp,25,0,17,8
BAU,20230927,WAP,FB,182644,11160,182420,224
BAU,20230927,WEB,Others,1018,1,699,319
BAU,20230912,WAP,Direct,38374,1341,38219,155
BAU,20230912,WAP,Google,70677,2453,70539,138
BAU,20230912,WEB,SEO,2566,0,2292,274
BAU,20230912,WEB,Direct,19686,5,18754,932
BAU,20230912,WAP,Others,126969,11724,126665,304
BAU,20230912,WEB,Others,1144,2,751,393
BAU,20230912,WEB,Google,1185,6,979,206
BAU,20230912,WAP,FB,316630,17211,316362,268
BAU,20230912,WAP,whatsapp,698,42,693,5
BAU,20230912,WEB,whatsapp,6,0,5,1
BAU,20230912,WEB,FB,799,2,610,189
BAU,20230912,WAP,SEO,6721,76,6707,14
BAU,20230727,WEB,SEO,2699,1,2366,333
BAU,20230727,WEB,Google,1062,5,876,186
BAU,20230727,WEB,Others,1291,5,874,417
BAU,20230727,WAP,Google,74577,2705,74430,147
BAU,20230727,WAP,whatsapp,1554,98,1540,14
BAU,20230727,WAP,Direct,37387,1112,37259,128
BAU,20230727,WAP,SEO,9015,116,8997,18
BAU,20230727,WEB,whatsapp,40,0,25,15
BAU,20230727,WEB,FB,274,0,182,92
BAU,20230727,WAP,Others,106380,9804,106059,321
BAU,20230727,WEB,Direct,19533,3,18539,994
BAU,20230727,WAP,FB,192273,12168,192083,190
SALE,20230917,WEB,whatsapp,11,0,8,3
SALE,20230917,WAP,whatsapp,662,110,660,2
SALE,20230917,WAP,Direct,39572,1628,39448,124
SALE,20230917,WAP,Google,74237,3135,74105,132
SALE,20230917,WEB,Others,743,1,535,208
SALE,20230917,WEB,Google,955,2,806,149
SALE,20230917,WEB,Direct,16259,1,15777,482
SALE,20230917,WAP,Others,108318,12471,107997,321
SALE,20230917,WAP,SEO,6958,87,6946,12
SALE,20230917,WEB,SEO,1808,2,1638,170
SALE,20230917,WAP,FB,209750,15620,209508,242
SALE,20230917,WEB,FB,506,2,367,139
BAU,20231004,WAP,Others,121914,10576,121651,263
BAU,20231004,WAP,SEO,6918,64,6909,9
BAU,20231004,WEB,Google,897,4,765,132
BAU,20231004,WAP,whatsapp,1052,62,1048,4
BAU,20231004,WEB,Others,1134,0,792,342
BAU,20231004,WEB,SEO,2567,1,2274,293
BAU,20231004,WEB,Direct,42336,0,41366,970
BAU,20231004,WEB,FB,535,4,384,151
BAU,20231004,WAP,FB,260973,15412,260764,209
BAU,20231004,WAP,Google,74632,2666,74535,97
BAU,20231004,WEB,whatsapp,17,0,11,6
BAU,20231004,WAP,Direct,36756,1216,36638,118
BAU,20230808,WAP,whatsapp,1939,94,1928,11
BAU,20230808,WEB,Others,1304,2,907,397
BAU,20230808,WAP,Others,130058,10272,129688,370
BAU,20230808,WAP,Direct,38604,1169,38451,153
BAU,20230808,WAP,FB,265658,14516,265425,233
BAU,20230808,WAP,SEO,9354,125,9334,20
BAU,20230808,WEB,whatsapp,40,0,29,11
BAU,20230808,WEB,FB,350,0,247,103
BAU,20230808,WEB,SEO,2468,0,2163,305
BAU,20230808,WEB,Direct,22694,5,21636,1058
BAU,20230808,WAP,Google,76661,2423,76507,154
BAU,20230808,WEB,Google,1061,5,887,174
BAU,20230817,WAP,SEO,8197,124,8178,19
BAU,20230817,WAP,whatsapp,594,33,592,2
BAU,20230817,WEB,Direct,20809,4,19798,1011
BAU,20230817,WAP,Others,117385,11254,117062,323
BAU,20230817,WAP,Google,59844,1951,59711,133
BAU,20230817,WAP,FB,258408,16688,258153,255
BAU,20230817,WEB,FB,440,0,310,130
BAU,20230817,WEB,whatsapp,13,0,8,5
BAU,20230817,WEB,Google,908,1,717,191
BAU,20230817,WEB,Others,1061,1,716,345
BAU,20230817,WEB,SEO,2278,0,2012,266
BAU,20230817,WAP,Direct,36406,1204,36267,139
SALE,20230930,WAP,Direct,40746,1723,40606,140
SALE,20230930,WAP,SEO,7229,87,7220,9
SALE,20230930,WEB,Google,941,3,832,109
SALE,20230930,WEB,Others,913,3,624,289
SALE,20230930,WEB,whatsapp,21,0,13,8
SALE,20230930,WAP,Google,64175,2813,64057,118
SALE,20230930,WAP,whatsapp,926,62,921,5
SALE,20230930,WAP,FB,223443,16034,223172,271
SALE,20230930,WEB,SEO,2308,0,2044,264
SALE,20230930,WAP,Others,112071,12132,111757,314
SALE,20230930,WEB,Direct,23646,1,22870,776
SALE,20230930,WEB,FB,492,0,343,149
BAU,20231025,WAP,SEO,6635,97,6622,13
BAU,20231025,WEB,Google,974,3,852,122
BAU,20231025,WAP,Others,85191,7141,84973,218
BAU,20231025,WAP,Google,49854,1751,49749,105
BAU,20231025,WEB,FB,393,1,269,124
BAU,20231025,WAP,whatsapp,879,57,875,4
BAU,20231025,WAP,FB,172852,10471,172690,162
BAU,20231025,WAP,Direct,38490,1345,38348,142
BAU,20231025,WEB,SEO,2497,0,2202,295
BAU,20231025,WEB,Others,824,1,557,267
BAU,20231025,WEB,Direct,31628,7,30716,912
BAU,20231025,WEB,whatsapp,12,0,8,4
BAU,20230829,WAP,FB,237912,15155,237688,224
BAU,20230829,WEB,SEO,2444,0,2174,270
BAU,20230829,WAP,Google,66394,2221,66256,138
BAU,20230829,WAP,whatsapp,537,22,532,5
BAU,20230829,WEB,whatsapp,13,0,6,7
BAU,20230829,WEB,Direct,18332,1,17412,920
BAU,20230829,WAP,Direct,35339,1371,35223,116
BAU,20230829,WEB,Others,949,2,655,294
BAU,20230829,WEB,FB,329,4,214,115
BAU,20230829,WEB,Google,977,4,797,180
BAU,20230829,WAP,SEO,6395,59,6384,11
BAU,20230829,WAP,Others,111399,10428,111112,287
BAU,20230920,WAP,SEO,6951,72,6944,7
BAU,20230920,WAP,Direct,36026,1130,35914,112
BAU,20230920,WEB,SEO,2607,0,2271,336
BAU,20230920,WAP,whatsapp,1092,79,1088,4
BAU,20230920,WEB,whatsapp,13,0,8,5
BAU,20230920,WEB,FB,538,1,373,165
BAU,20230920,WAP,Others,95954,8756,95642,312
BAU,20230920,WEB,Google,1131,1,997,134
BAU,20230920,WEB,Direct,25951,2,24996,955
BAU,20230920,WAP,FB,211692,12722,211431,261
BAU,20230920,WAP,Google,62296,2173,62185,111
BAU,20230920,WEB,Others,1060,17,728,332
BAU,20230908,WEB,FB,275,5,171,104
BAU,20230908,WAP,SEO,7173,83,7159,14
BAU,20230908,WAP,Others,116724,11446,116424,300
BAU,20230908,WEB,Google,1023,3,843,180
BAU,20230908,WEB,SEO,2448,0,2196,252
BAU,20230908,WAP,whatsapp,1660,80,1650,10
BAU,20230908,WEB,whatsapp,25,0,19,6
BAU,20230908,WAP,FB,261229,16868,260979,250
BAU,20230908,WAP,Google,66051,2284,65916,135
BAU,20230908,WEB,Direct,19526,1,18655,871
BAU,20230908,WAP,Direct,35936,1197,35808,128
BAU,20230908,WEB,Others,942,0,636,306
BAU,20230828,WEB,whatsapp,11,0,6,5
BAU,20230828,WAP,Others,122623,11369,122343,280
BAU,20230828,WEB,Others,897,3,611,286
BAU,20230828,WEB,Direct,16237,0,15256,981
BAU,20230828,WEB,Google,1052,2,879,173
BAU,20230828,WAP,whatsapp,507,27,506,1
BAU,20230828,WEB,FB,341,1,222,119
BAU,20230828,WAP,Direct,36717,1329,36585,132
BAU,20230828,WEB,SEO,2562,1,2257,305
BAU,20230828,WAP,SEO,6597,108,6583,14
BAU,20230828,WAP,Google,73809,2410,73675,134
BAU,20230828,WAP,FB,270707,16782,270427,280
SALE,20231011,WEB,Direct,34536,13,33525,1011
SALE,20231011,WAP,Others,99644,9726,99348,296
SALE,20231011,WAP,FB,189099,12245,188878,221
SALE,20231011,WEB,Others,1024,13,684,340
SALE,20231011,WAP,Direct,41625,1714,41465,160
SALE,20231011,WAP,SEO,7100,112,7088,12
SALE,20231011,WEB,FB,566,2,370,196
SALE,20231011,WEB,SEO,2829,0,2490,339
SALE,20231011,WEB,whatsapp,14,0,9,5
SALE,20231011,WAP,Google,54117,2226,54027,90
SALE,20231011,WAP,whatsapp,1096,86,1091,5
SALE,20231011,WEB,Google,1222,2,1106,116
BAU,20230809,WAP,Direct,37759,850,37614,145
BAU,20230809,WAP,FB,226481,9926,226285,196
BAU,20230809,WAP,Others,116501,7085,116200,301
BAU,20230809,WEB,Direct,33126,0,32093,1033
BAU,20230809,WEB,Others,1146,1,765,381
BAU,20230809,WAP,SEO,9174,101,9161,13
BAU,20230809,WAP,Google,86747,1851,86587,160
BAU,20230809,WAP,whatsapp,1658,99,1650,8
BAU,20230809,WEB,Google,1100,2,881,219
BAU,20230809,WEB,SEO,2375,0,2095,280
BAU,20230809,WEB,whatsapp,26,0,16,10
BAU,20230809,WEB,FB,303,0,198,105
BAU,20230724,WEB,Direct,24108,2,23080,1028
BAU,20230724,WAP,Others,179665,15208,179213,452
BAU,20230724,WAP,FB,409358,22140,408995,363
BAU,20230724,WAP,Google,71982,2649,71825,157
BAU,20230724,WEB,Google,1040,2,879,161
BAU,20230724,WAP,whatsapp,1511,99,1500,11
BAU,20230724,WEB,SEO,2775,1,2436,339
BAU,20230724,WEB,FB,435,0,287,148
BAU,20230724,WEB,Others,1247,2,851,396
BAU,20230724,WEB,whatsapp,26,0,14,12
BAU,20230724,WAP,SEO,8922,123,8912,10
BAU,20230724,WAP,Direct,43789,1464,43634,155
BAU,20230831,WAP,SEO,6696,84,6682,14
BAU,20230831,WAP,whatsapp,798,48,791,7
BAU,20230831,WEB,SEO,2397,0,2116,281
BAU,20230831,WAP,FB,235631,15122,235384,247
BAU,20230831,WEB,FB,318,1,212,106
BAU,20230831,WEB,whatsapp,14,0,10,4
BAU,20230831,WAP,Direct,36179,1263,36056,123
BAU,20230831,WAP,Others,106898,10334,106611,287
BAU,20230831,WEB,Others,877,2,588,289
BAU,20230831,WEB,Direct,22518,1,21698,820
BAU,20230831,WAP,Google,65584,2274,65446,138
BAU,20230831,WEB,Google,1115,0,936,179
BAU,20231026,WAP,whatsapp,893,55,889,4
BAU,20231026,WAP,SEO,6749,79,6740,9
BAU,20231026,WEB,FB,558,0,390,168
BAU,20231026,WEB,SEO,2544,1,2256,288
BAU,20231026,WEB,whatsapp,21,0,12,9
BAU,20231026,WEB,Google,874,4,742,132
BAU,20231026,WAP,FB,219121,13443,218939,182
BAU,20231026,WAP,Google,52325,1985,52243,82
BAU,20231026,WEB,Direct,17231,6,16285,946
BAU,20231026,WAP,Others,103095,8977,102846,249
BAU,20231026,WAP,Direct,39929,1571,39802,127
BAU,20231026,WEB,Others,896,1,593,303
SALE,20230702,WAP,Others,157611,18641,157144,467
SALE,20230702,WAP,FB,315796,23891,315442,354
SALE,20230702,WEB,SEO,2163,1,1941,222
SALE,20230702,WEB,whatsapp,21,2,8,13
SALE,20230702,WAP,Google,78274,3944,78116,158
SALE,20230702,WEB,Direct,15038,1,14543,495
SALE,20230702,WAP,SEO,9356,137,9344,12
SALE,20230702,WAP,whatsapp,1825,167,1820,5
SALE,20230702,WEB,Others,1107,9,849,258
SALE,20230702,WEB,Google,852,4,706,146
SALE,20230702,WEB,FB,339,6,243,96
SALE,20230702,WAP,Direct,42769,1764,42626,143
BAU,20230919,WAP,Direct,37945,1162,37831,114
BAU,20230919,WEB,SEO,2513,0,2229,284
BAU,20230919,WAP,FB,197487,12046,197254,233
BAU,20230919,WEB,Direct,27470,2,26554,916
BAU,20230919,WAP,Google,62227,2159,62127,100
BAU,20230919,WEB,FB,485,3,322,163
BAU,20230919,WAP,SEO,7218,99,7212,6
BAU,20230919,WEB,Google,948,6,809,139
BAU,20230919,WAP,whatsapp,957,48,952,5
BAU,20230919,WAP,Others,94051,8453,93811,240
BAU,20230919,WEB,whatsapp,16,0,13,3
BAU,20230919,WEB,Others,1049,2,759,290
BAU,20230909,WEB,Others,938,0,630,308
BAU,20230909,WEB,Google,1082,7,895,187
BAU,20230909,WEB,FB,567,1,444,123
BAU,20230909,WAP,SEO,7314,84,7305,9
BAU,20230909,WAP,FB,246031,15129,245812,219
BAU,20230909,WAP,Others,117679,10770,117406,273
BAU,20230909,WAP,whatsapp,1486,83,1481,5
BAU,20230909,WAP,Google,71977,2496,71850,127
BAU,20230909,WEB,SEO,2283,0,2048,235
BAU,20230909,WAP,Direct,37375,1195,37261,114
BAU,20230909,WEB,whatsapp,30,0,24,6
BAU,20230909,WEB,Direct,13848,1,13099,749
SALE,20230819,WEB,FB,422,2,283,139
SALE,20230819,WAP,FB,237409,17964,237152,257
SALE,20230819,WEB,Others,916,2,649,267
SALE,20230819,WEB,SEO,2414,0,2075,339
SALE,20230819,WEB,whatsapp,12,0,7,5
SALE,20230819,WAP,Google,69876,2829,69727,149
SALE,20230819,WAP,Others,122472,13252,122134,338
SALE,20230819,WAP,SEO,7210,105,7197,13
SALE,20230819,WEB,Google,1012,2,854,158
SALE,20230819,WAP,whatsapp,680,61,677,3
SALE,20230819,WAP,Direct,38369,1539,38250,119
SALE,20230819,WEB,Direct,17002,2,16242,760
BAU,20231023,WAP,whatsapp,730,38,726,4
BAU,20231023,WAP,Others,94671,8243,94436,235
BAU,20231023,WEB,Others,870,2,612,258
BAU,20231023,WAP,Direct,36372,1211,36258,114
BAU,20231023,WAP,SEO,6263,77,6259,4
BAU,20231023,WEB,Google,809,2,703,106
BAU,20231023,WEB,FB,499,4,344,155
BAU,20231023,WEB,SEO,2129,0,1889,240
BAU,20231023,WEB,whatsapp,12,0,5,7
BAU,20231023,WAP,Google,46456,1747,46384,72
BAU,20231023,WEB,Direct,13684,3,12890,794
BAU,20231023,WAP,FB,201779,11902,201564,215
BAU,20230925,WEB,FB,720,0,501,219
BAU,20230925,WAP,SEO,7350,95,7333,17
BAU,20230925,WAP,Direct,40109,1433,39962,147
BAU,20230925,WEB,Others,1030,0,708,322
BAU,20230925,WAP,Others,136308,11513,135987,321
BAU,20230925,WAP,FB,321347,17440,321026,321
BAU,20230925,WEB,SEO,2764,0,2466,298
BAU,20230925,WAP,whatsapp,1016,59,1016,0
BAU,20230925,WEB,Direct,14043,3,13054,989
BAU,20230925,WAP,Google,65739,2186,65624,115
BAU,20230925,WEB,whatsapp,22,0,14,8
BAU,20230925,WEB,Google,851,2,712,139
BAU,20230905,WEB,Others,1020,1,730,290
BAU,20230905,WAP,SEO,6937,77,6926,11
BAU,20230905,WEB,Direct,19040,0,18020,1020
BAU,20230905,WEB,FB,342,0,206,136
BAU,20230905,WAP,whatsapp,1003,56,998,5
BAU,20230905,WEB,Google,1095,7,915,180
BAU,20230905,WEB,SEO,2546,0,2238,308
BAU,20230905,WAP,FB,317719,17287,317448,271
BAU,20230905,WEB,whatsapp,27,0,20,7
BAU,20230905,WAP,Others,136763,12262,136471,292
BAU,20230905,WAP,Direct,38735,1443,38593,142
BAU,20230905,WAP,Google,78324,2615,78180,144
BAU,20231006,WEB,FB,514,0,373,141
BAU,20231006,WAP,SEO,6423,70,6409,14
BAU,20231006,WEB,whatsapp,19,0,12,7
BAU,20231006,WEB,Google,910,1,786,124
BAU,20231006,WEB,SEO,2519,0,2211,308
BAU,20231006,WEB,Others,1081,2,721,360
BAU,20231006,WAP,Others,94841,8057,94568,273
BAU,20231006,WAP,Google,52108,1791,52019,89
BAU,20231006,WAP,whatsapp,683,32,677,6
BAU,20231006,WEB,Direct,21861,1,20930,931
BAU,20231006,WAP,Direct,34824,1138,34715,109
BAU,20231006,WAP,FB,200332,12004,200075,257
BAU,20231005,WEB,Others,1115,0,792,323
BAU,20231005,WEB,Direct,25031,1,24067,964
BAU,20231005,WAP,Direct,36086,1080,35955,131
BAU,20231005,WAP,FB,203076,11856,202834,242
BAU,20231005,WAP,Google,62430,2228,62355,75
BAU,20231005,WEB,Google,926,2,804,122
BAU,20231005,WEB,whatsapp,13,0,9,4
BAU,20231005,WAP,whatsapp,658,35,653,5
BAU,20231005,WEB,FB,522,1,388,134
BAU,20231005,WAP,Others,100266,8214,100006,260
BAU,20231005,WAP,SEO,6592,73,6578,14
BAU,20231005,WEB,SEO,2559,1,2261,298
BAU,20231021,WEB,SEO,1962,0,1737,225
BAU,20231021,WAP,Direct,35775,1160,35665,110
BAU,20231021,WAP,Google,54173,1877,54085,88
BAU,20231021,WEB,Others,979,1,659,320
BAU,20231021,WEB,FB,537,0,371,166
BAU,20231021,WAP,FB,206275,13536,206065,210
BAU,20231021,WEB,Google,809,1,696,113
BAU,20231021,WAP,SEO,6448,79,6442,6
BAU,20231021,WAP,Others,101252,9374,100990,262
BAU,20231021,WAP,whatsapp,1005,66,1003,2
BAU,20231021,WEB,whatsapp,10,0,4,6
BAU,20231021,WEB,Direct,16685,2,15920,765
BAU,20230810,WEB,whatsapp,41,0,29,12
BAU,20230810,WEB,FB,285,0,187,98
BAU,20230810,WAP,Others,96891,6609,96595,296
BAU,20230810,WAP,FB,164995,9268,164816,179
BAU,20230810,WEB,Direct,18412,4,17366,1046
BAU,20230810,WAP,Direct,35959,770,35826,133
BAU,20230810,WEB,SEO,2339,0,2033,306
BAU,20230810,WAP,SEO,9030,97,9015,15
BAU,20230810,WAP,whatsapp,1968,85,1959,9
BAU,20230810,WEB,Others,1102,0,757,345
BAU,20230810,WEB,Google,1209,4,990,219
BAU,20230810,WAP,Google,89171,2144,89011,160
BAU,20231007,WEB,whatsapp,14,0,5,9
BAU,20231007,WEB,SEO,2365,0,2139,226
BAU,20231007,WEB,Direct,19671,6,18878,793
BAU,20231007,WAP,whatsapp,950,38,943,7
BAU,20231007,WAP,Direct,36632,1143,36523,109
BAU,20231007,WEB,Others,921,14,633,288
BAU,20231007,WEB,FB,425,0,290,135
BAU,20231007,WAP,Google,40406,1382,40342,64
BAU,20231007,WEB,Google,805,1,693,112
BAU,20231007,WAP,SEO,6962,79,6946,16
BAU,20231007,WAP,FB,183780,10703,183571,209
BAU,20231007,WAP,Others,88615,7423,88357,258
BAU,20230713,WAP,Others,122043,12392,121671,372
BAU,20230713,WAP,SEO,8649,111,8635,14
BAU,20230713,WEB,SEO,2972,0,2656,316
BAU,20230713,WEB,Google,1015,2,871,144
BAU,20230713,WAP,Direct,38339,1148,38186,153
BAU,20230713,WAP,whatsapp,1565,100,1556,9
BAU,20230713,WAP,Google,64196,2678,64059,137
BAU,20230713,WEB,FB,212,0,139,73
BAU,20230713,WEB,whatsapp,34,0,25,9
BAU,20230713,WEB,Direct,16615,3,15681,934
BAU,20230713,WEB,Others,1313,2,910,403
BAU,20230713,WAP,FB,241210,17083,240952,258
BAU,20230712,WAP,Others,123660,11805,123337,323
BAU,20230712,WAP,FB,261065,16996,260785,280
BAU,20230712,WAP,Google,69753,2588,69633,120
BAU,20230712,WEB,whatsapp,40,0,30,10
BAU,20230712,WEB,Others,1107,1,761,346
BAU,20230712,WEB,Google,1018,1,849,169
BAU,20230712,WAP,whatsapp,2385,119,2370,15
BAU,20230712,WAP,SEO,8647,92,8627,20
BAU,20230712,WEB,SEO,2903,0,2537,366
BAU,20230712,WAP,Direct,38535,1226,38378,157
BAU,20230712,WEB,FB,276,0,189,87
BAU,20230712,WEB,Direct,19606,1,18561,1045
BAU,20230914,WAP,SEO,6992,74,6980,12
BAU,20230914,WEB,whatsapp,16,0,13,3
BAU,20230914,WEB,Others,1031,2,696,335
BAU,20230914,WEB,Direct,18100,5,17121,979
BAU,20230914,WAP,Direct,39559,1438,39433,126
BAU,20230914,WAP,Google,60772,2291,60655,117
BAU,20230914,WEB,FB,763,1,532,231
BAU,20230914,WAP,whatsapp,803,50,801,2
BAU,20230914,WEB,Google,892,1,760,132
BAU,20230914,WAP,Others,119078,11600,118804,274
BAU,20230914,WAP,FB,283159,18013,282882,277
BAU,20230914,WEB,SEO,2442,0,2193,249
BAU,20230720,WAP,SEO,8872,132,8852,20
BAU,20230720,WEB,Google,958,2,808,150
BAU,20230720,WEB,whatsapp,37,0,27,10
BAU,20230720,WAP,Google,62833,2676,62701,132
BAU,20230720,WAP,Direct,39288,1193,39148,140
BAU,20230720,WAP,whatsapp,1520,101,1509,11
BAU,20230720,WEB,Others,1117,1,757,360
BAU,20230720,WEB,Direct,26151,2,25173,978
BAU,20230720,WEB,FB,233,0,146,87
BAU,20230720,WAP,FB,261572,17909,261294,278
BAU,20230720,WEB,SEO,2674,0,2328,346
BAU,20230720,WAP,Others,125439,12702,125092,347
SALE,20230818,WEB,whatsapp,10,0,8,2
SALE,20230818,WAP,SEO,6994,108,6978,16
SALE,20230818,WAP,Google,60305,2472,60174,131
SALE,20230818,WEB,SEO,2563,0,2215,348
SALE,20230818,WEB,Direct,20095,4,19146,949
SALE,20230818,WEB,FB,682,0,543,139
SALE,20230818,WEB,Google,948,2,792,156
SALE,20230818,WEB,Others,975,2,694,281
SALE,20230818,WAP,whatsapp,563,40,561,2
SALE,20230818,WAP,Direct,37094,1736,36945,149
SALE,20230818,WAP,FB,228336,17268,228081,255
SALE,20230818,WAP,Others,113152,12435,112805,347
BAU,20230815,WEB,whatsapp,9,0,6,3
BAU,20230815,WEB,Direct,17079,1,16537,542
BAU,20230815,WAP,Others,112428,9473,112130,298
BAU,20230815,WAP,SEO,8470,115,8455,15
BAU,20230815,WEB,SEO,1687,0,1503,184
BAU,20230815,WAP,whatsapp,623,39,620,3
BAU,20230815,WEB,Google,691,1,576,115
BAU,20230815,WEB,FB,466,2,327,139
BAU,20230815,WAP,Direct,33978,1136,33865,113
BAU,20230815,WAP,FB,252069,14343,251809,260
BAU,20230815,WEB,Others,864,2,619,245
BAU,20230815,WAP,Google,56745,1647,56624,121
BAU,20230801,WAP,Google,83988,2633,83825,163
BAU,20230801,WEB,SEO,2497,0,2205,292
BAU,20230801,WEB,Direct,19510,1,18586,924
BAU,20230801,WAP,whatsapp,994,63,990,4
BAU,20230801,WAP,FB,253937,15299,253681,256
BAU,20230801,WAP,Direct,35911,1131,35784,127
BAU,20230801,WAP,SEO,8471,126,8462,9
BAU,20230801,WEB,Google,1294,1,1135,159
BAU,20230801,WEB,Others,1324,14,949,375
BAU,20230801,WEB,whatsapp,13,0,8,5
BAU,20230801,WAP,Others,125804,11180,125491,313
BAU,20230801,WEB,FB,370,0,258,112
BAU,20231017,WAP,Direct,38645,1323,38495,150
BAU,20231017,WEB,whatsapp,19,0,14,5
BAU,20231017,WEB,SEO,2497,0,2223,274
BAU,20231017,WEB,Google,1128,4,979,149
BAU,20231017,WEB,Others,1130,2,736,394
BAU,20231017,WEB,FB,679,0,441,238
BAU,20231017,WAP,whatsapp,1004,68,998,6
BAU,20231017,WAP,Others,124611,9777,124309,302
BAU,20231017,WAP,SEO,6523,92,6513,10
BAU,20231017,WEB,Direct,24703,2,23717,986
BAU,20231017,WAP,Google,70175,2369,70049,126
BAU,20231017,WAP,FB,255218,13548,254998,220
BAU,20230910,WEB,SEO,1962,0,1762,200
BAU,20230910,WAP,Others,135283,12503,134987,296
BAU,20230910,WAP,SEO,8064,103,8049,15
BAU,20230910,WEB,Direct,13253,0,12731,522
BAU,20230910,WAP,whatsapp,1517,77,1509,8
BAU,20230910,WEB,FB,732,4,586,146
BAU,20230910,WEB,Google,964,4,820,144
BAU,20230910,WEB,whatsapp,17,0,13,4
BAU,20230910,WAP,FB,308821,18043,308550,271
BAU,20230910,WEB,Others,852,3,649,203
BAU,20230910,WAP,Google,78688,2661,78542,146
BAU,20230910,WAP,Direct,40505,1197,40382,123
BAU,20230717,WAP,SEO,9011,122,8990,21
BAU,20230717,WEB,whatsapp,28,0,17,11
BAU,20230717,WAP,Others,156976,15511,156611,365
BAU,20230717,WEB,Direct,26233,3,25182,1051
BAU,20230717,WAP,whatsapp,1594,112,1583,11
BAU,20230717,WAP,Direct,39766,1311,39621,145
BAU,20230717,WEB,Others,1360,3,979,381
BAU,20230717,WAP,FB,357336,23102,357005,331
BAU,20230717,WEB,FB,330,0,231,99
BAU,20230717,WAP,Google,75977,2948,75853,124
BAU,20230717,WEB,SEO,3035,0,2682,353
BAU,20230717,WEB,Google,965,0,809,156
SALE,20230903,WEB,SEO,1917,0,1716,201
SALE,20230903,WEB,whatsapp,22,0,15,7
SALE,20230903,WEB,Direct,21914,5,21370,544
SALE,20230903,WEB,Google,943,6,797,146
SALE,20230903,WAP,FB,319676,21262,319395,281
SALE,20230903,WAP,Others,151739,17169,151389,350
SALE,20230903,WAP,Direct,42789,1905,42660,129
SALE,20230903,WAP,Google,87618,3872,87453,165
SALE,20230903,WAP,whatsapp,1075,97,1067,8
SALE,20230903,WEB,Others,810,4,594,216
SALE,20230903,WAP,SEO,7754,108,7751,3
SALE,20230903,WEB,FB,325,3,226,99
SALE,20230929,WAP,FB,156886,12172,156684,202
SALE,20230929,WEB,FB,509,7,401,108
SALE,20230929,WAP,Others,92441,9796,92165,276
SALE,20230929,WEB,Google,965,5,856,109
SALE,20230929,WEB,Direct,21423,8,20470,953
SALE,20230929,WEB,whatsapp,27,0,21,6
SALE,20230929,WEB,SEO,2610,2,2334,276
SALE,20230929,WAP,Direct,40126,1694,39983,143
SALE,20230929,WAP,SEO,7247,120,7240,7
SALE,20230929,WAP,Google,63504,2706,63402,102
SALE,20230929,WEB,Others,1175,0,849,326
SALE,20230929,WAP,whatsapp,846,65,842,4
BAU,20231024,WAP,FB,153729,9337,153542,187
BAU,20231024,WAP,Google,46684,1685,46597,87
BAU,20231024,WEB,whatsapp,10,0,9,1
BAU,20231024,WAP,SEO,6451,85,6443,8
BAU,20231024,WAP,Direct,37396,1226,37283,113
BAU,20231024,WEB,Google,743,1,629,114
BAU,20231024,WEB,FB,398,1,275,123
BAU,20231024,WAP,whatsapp,784,41,780,4
BAU,20231024,WAP,Others,79022,6683,78773,249
BAU,20231024,WEB,Direct,16344,1,15795,549
BAU,20231024,WEB,Others,743,2,539,204
BAU,20231024,WEB,SEO,1977,0,1768,209
SALE,20230707,WAP,SEO,8254,118,8243,11
SALE,20230707,WAP,whatsapp,2163,157,2147,16
SALE,20230707,WEB,Direct,19349,2,18335,1014
SALE,20230707,WAP,Google,80981,3945,80829,152
SALE,20230707,WEB,Google,1102,6,915,187
SALE,20230707,WEB,whatsapp,38,0,25,13
SALE,20230707,WEB,FB,294,1,179,115
SALE,20230707,WEB,Others,1200,11,789,411
SALE,20230707,WAP,Others,143135,17352,142686,449
SALE,20230707,WAP,Direct,40152,1693,40019,133
SALE,20230707,WAP,FB,257593,22006,257257,336
SALE,20230707,WEB,SEO,2991,0,2589,402
BAU,20230926,WEB,FB,481,0,328,153
BAU,20230926,WEB,Direct,17826,1,16806,1020
BAU,20230926,WAP,FB,259242,15407,258970,272
BAU,20230926,WEB,whatsapp,25,0,17,8
BAU,20230926,WEB,Others,1082,0,739,343
BAU,20230926,WEB,Google,1037,0,896,141
BAU,20230926,WAP,whatsapp,986,56,980,6
BAU,20230926,WAP,Direct,39346,1433,39222,124
BAU,20230926,WAP,Google,76397,2659,76282,115
BAU,20230926,WAP,Others,120453,10713,120143,310
BAU,20230926,WEB,SEO,2709,0,2406,303
BAU,20230926,WAP,SEO,7506,95,7490,16
SALE,20230805,WEB,Direct,19656,4,18823,833
SALE,20230805,WAP,FB,228150,15713,227890,260
SALE,20230805,WEB,FB,326,1,237,89
SALE,20230805,WEB,SEO,2094,0,1857,237
SALE,20230805,WAP,whatsapp,1972,173,1959,13
SALE,20230805,WAP,Direct,39260,1408,39121,139
SALE,20230805,WAP,SEO,8975,169,8959,16
SALE,20230805,WAP,Google,83849,2784,83705,144
SALE,20230805,WAP,Others,145686,13611,145225,461
SALE,20230805,WEB,whatsapp,39,0,33,6
SALE,20230805,WEB,Others,1488,11,1086,402
SALE,20230805,WEB,Google,1100,8,932,168
BAU,20231016,WEB,whatsapp,2,0,1,1
BAU,20231016,WAP,whatsapp,176,5,175,1
BAU,20231016,WAP,Google,66563,2074,66460,103
BAU,20231016,WEB,FB,731,3,504,227
BAU,20231016,WEB,SEO,2480,0,2170,310
BAU,20231016,WAP,Direct,39411,1280,39278,133
BAU,20231016,WEB,Google,1032,3,867,165
BAU,20231016,WEB,Direct,15801,0,14779,1022
BAU,20231016,WAP,Others,130568,10117,130269,299
BAU,20231016,WAP,FB,276476,14571,276202,274
BAU,20231016,WEB,Others,1167,1,791,376
BAU,20231016,WAP,SEO,6621,96,6610,11
SALE,20230723,WEB,whatsapp,30,0,23,7
SALE,20230723,WAP,Direct,42358,1684,42197,161
SALE,20230723,WEB,FB,412,1,281,131
SALE,20230723,WAP,whatsapp,1766,206,1755,11
SALE,20230723,WAP,FB,377352,27024,376978,374
SALE,20230723,WAP,Others,185430,20874,184953,477
SALE,20230723,WAP,SEO,9676,176,9661,15
SALE,20230723,WAP,Google,83328,3687,83161,167
SALE,20230723,WEB,SEO,1917,1,1714,203
SALE,20230723,WEB,Others,969,4,716,253
SALE,20230723,WEB,Direct,28518,3,27969,549
SALE,20230723,WEB,Google,925,5,789,136
SALE,20230714,WEB,Others,1325,14,904,421
SALE,20230714,WAP,Direct,37377,1268,37227,150
SALE,20230714,WAP,Google,68052,3555,67887,165
SALE,20230714,WAP,SEO,8305,146,8286,19
SALE,20230714,WEB,SEO,2922,1,2587,335
SALE,20230714,WEB,Google,1023,2,855,168
SALE,20230714,WEB,whatsapp,49,1,37,12
SALE,20230714,WAP,FB,207920,16480,207634,286
SALE,20230714,WEB,Direct,22681,3,21731,950
SALE,20230714,WAP,whatsapp,2253,162,2236,17
SALE,20230714,WAP,Others,120910,14299,120486,424
SALE,20230714,WEB,FB,211,0,139,72
SALE,20231030,WEB,Google,1169,8,967,202
SALE,20231030,WEB,Direct,35622,3,34605,1017
SALE,20231030,WAP,Others,140507,13983,140185,322
SALE,20231030,WAP,Direct,42522,2152,42365,157
SALE,20231030,WAP,Google,85081,3500,84966,115
SALE,20231030,WAP,whatsapp,1014,70,1006,8
SALE,20231030,WEB,SEO,2477,1,2195,282
SALE,20231030,WEB,Others,1163,5,733,430
SALE,20231030,WEB,whatsapp,17,0,12,5
SALE,20231030,WAP,SEO,7218,102,7204,14
SALE,20231030,WAP,FB,282348,18689,282079,269
SALE,20231030,WEB,FB,594,1,408,186
SALE,20231012,WAP,whatsapp,715,58,709,6
SALE,20231012,WEB,FB,520,0,322,198
SALE,20231012,WEB,Google,1565,5,1428,137
SALE,20231012,WEB,Others,1040,1,711,329
SALE,20231012,WAP,Direct,43843,1772,43678,165
SALE,20231012,WAP,Others,107495,10494,107223,272
SALE,20231012,WAP,FB,214176,13441,213946,230
SALE,20231012,WEB,SEO,2814,2,2486,328
SALE,20231012,WEB,Direct,25012,3,24002,1010
SALE,20231012,WAP,Google,54410,2323,54305,105
SALE,20231012,WAP,SEO,7241,121,7227,14
SALE,20231012,WEB,whatsapp,14,0,12,2
SALE,20230806,WEB,Direct,20135,1,19628,507
SALE,20230806,WEB,FB,284,2,196,88
SALE,20230806,WAP,FB,214238,14645,213995,243
SALE,20230806,WEB,Google,866,3,695,171
SALE,20230806,WAP,SEO,9289,152,9268,21
SALE,20230806,WEB,Others,1154,6,878,276
SALE,20230806,WAP,Google,77801,3225,77645,156
SALE,20230806,WEB,whatsapp,25,0,15,10
SALE,20230806,WAP,Others,136099,12938,135696,403
SALE,20230806,WEB,SEO,1700,0,1513,187
SALE,20230806,WAP,whatsapp,1797,158,1792,5
SALE,20230806,WAP,Direct,40051,1427,39928,123
BAU,20230827,WAP,Direct,38557,1408,38435,122
BAU,20230827,WAP,Others,128975,12533,128694,281
BAU,20230827,WEB,whatsapp,6,0,5,1
BAU,20230827,WAP,whatsapp,471,30,468,3
BAU,20230827,WEB,Google,953,1,828,125
BAU,20230827,WAP,Google,82798,2752,82656,142
BAU,20230827,WEB,Direct,16205,1,15719,486
BAU,20230827,WEB,FB,418,0,287,131
BAU,20230827,WEB,SEO,1768,1,1584,184
BAU,20230827,WAP,FB,285362,18112,285123,239
BAU,20230827,WEB,Others,792,1,610,182
BAU,20230827,WAP,SEO,7204,112,7191,13
SALE,20230715,WAP,Direct,38657,1484,38514,143
SALE,20230715,WEB,whatsapp,30,0,16,14
SALE,20230715,WEB,Others,1086,5,757,329
SALE,20230715,WAP,Others,145717,17080,145258,459
SALE,20230715,WAP,SEO,8370,115,8352,18
SALE,20230715,WAP,Google,52177,2561,52068,109
SALE,20230715,WEB,Direct,21135,3,20302,833
SALE,20230715,WEB,Google,1555,4,1422,133
SALE,20230715,WEB,SEO,2505,1,2225,280
SALE,20230715,WAP,FB,309605,23079,309235,370
SALE,20230715,WAP,whatsapp,1764,136,1757,7
SALE,20230715,WEB,FB,306,3,217,89
SALE,20230924,WEB,SEO,1933,0,1750,183
SALE,20230924,WEB,Others,850,4,661,189
SALE,20230924,WAP,SEO,7762,92,7753,9
SALE,20230924,WAP,Google,73019,3192,72918,101
SALE,20230924,WEB,Google,817,6,706,111
SALE,20230924,WAP,Others,115613,12326,115304,309
SALE,20230924,WEB,whatsapp,20,0,15,5
SALE,20230924,WEB,FB,596,3,439,157
SALE,20230924,WAP,Direct,44258,2179,44102,156
SALE,20230924,WEB,Direct,13507,7,12968,539
SALE,20230924,WAP,whatsapp,970,95,962,8
SALE,20230924,WAP,FB,229558,15701,229288,270
BAU,20230711,WAP,whatsapp,1264,72,1253,11
BAU,20230711,WEB,Google,1226,2,1070,156
BAU,20230711,WEB,SEO,2997,0,2664,333
BAU,20230711,WAP,Others,154736,14097,154357,379
BAU,20230711,WAP,SEO,8528,100,8514,14
BAU,20230711,WAP,Google,73943,2729,73791,152
BAU,20230711,WAP,FB,350717,20715,350352,365
BAU,20230711,WEB,Direct,18649,3,17637,1012
BAU,20230711,WEB,FB,297,1,186,111
BAU,20230711,WAP,Direct,40452,1310,40295,157
BAU,20230711,WEB,Others,1204,27,835,369
BAU,20230711,WEB,whatsapp,36,0,28,8
SALE,20231027,WEB,SEO,2305,1,2004,301
SALE,20231027,WAP,whatsapp,910,76,908,2
SALE,20231027,WAP,FB,203528,14313,203340,188
SALE,20231027,WAP,Others,107946,11208,107701,245
SALE,20231027,WEB,whatsapp,14,0,10,4
SALE,20231027,WEB,Direct,16204,31,15284,920
SALE,20231027,WEB,FB,604,6,424,180
SALE,20231027,WAP,Direct,40230,1948,40094,136
SALE,20231027,WEB,Google,1021,3,881,140
SALE,20231027,WAP,SEO,6548,107,6538,10
SALE,20231027,WEB,Others,987,3,666,321
SALE,20231027,WAP,Google,64393,2841,64306,87
SALE,20231029,WAP,Google,81658,3335,81538,120
SALE,20231029,WEB,FB,467,2,348,119
SALE,20231029,WEB,Direct,19272,4,18801,471
SALE,20231029,WAP,whatsapp,717,67,715,2
SALE,20231029,WEB,Google,933,5,762,171
SALE,20231029,WEB,whatsapp,12,0,10,2
SALE,20231029,WAP,Direct,43875,2156,43735,140
SALE,20231029,WEB,Others,839,16,602,237
SALE,20231029,WEB,SEO,1593,1,1399,194
SALE,20231029,WAP,SEO,7057,127,7048,9
SALE,20231029,WAP,FB,253034,16771,252806,228
SALE,20231029,WAP,Others,127832,13159,127548,284
BAU,20230719,WEB,SEO,2893,0,2559,334
BAU,20230719,WAP,SEO,8591,118,8580,11
BAU,20230719,WEB,Direct,25331,0,24284,1047
BAU,20230719,WEB,whatsapp,4,0,1,3
BAU,20230719,WEB,Google,1225,2,1076,149
BAU,20230719,WAP,whatsapp,435,12,431,4
BAU,20230719,WEB,Others,1100,0,746,354
BAU,20230719,WAP,Direct,37991,1236,37853,138
BAU,20230719,WAP,Google,68971,2819,68824,147
BAU,20230719,WEB,FB,208,0,117,91
BAU,20230719,WAP,Others,124810,12656,124435,375
BAU,20230719,WAP,FB,256032,17597,255757,275
SALE,20231015,WAP,SEO,7395,104,7386,9
SALE,20231015,WEB,whatsapp,2,0,2,0
SALE,20231015,WEB,Direct,20011,2,19436,575
SALE,20231015,WAP,FB,253177,17111,252912,265
SALE,20231015,WEB,FB,832,3,608,224
SALE,20231015,WEB,SEO,1963,1,1745,218
SALE,20231015,WAP,Google,63457,2614,63338,119
SALE,20231015,WAP,whatsapp,258,19,256,2
SALE,20231015,WAP,Others,126235,13306,125885,350
SALE,20231015,WEB,Google,912,6,759,153
SALE,20231015,WAP,Direct,43597,1719,43468,129
SALE,20231015,WEB,Others,919,4,693,226
SALE,20230922,WEB,whatsapp,21,0,10,11
SALE,20230922,WEB,Others,995,7,653,342
SALE,20230922,WAP,FB,181257,13685,181023,234
SALE,20230922,WAP,SEO,6957,92,6947,10
SALE,20230922,WEB,Google,903,2,785,118
SALE,20230922,WAP,Direct,38930,1456,38773,157
SALE,20230922,WEB,Direct,16696,3,15733,963
SALE,20230922,WEB,FB,313,1,184,129
SALE,20230922,WAP,Google,65794,2829,65694,100
SALE,20230922,WEB,SEO,2452,0,2174,278
SALE,20230922,WAP,whatsapp,949,68,943,6
SALE,20230922,WAP,Others,98200,11008,97871,329
SALE,20231014,WEB,Google,1041,1,903,138
SALE,20231014,WEB,whatsapp,6,0,1,5
SALE,20231014,WEB,FB,469,3,301,168
SALE,20231014,WAP,whatsapp,309,13,308,1
SALE,20231014,WAP,FB,176217,11997,176015,202
SALE,20231014,WEB,SEO,2266,0,2016,250
SALE,20231014,WAP,SEO,6753,102,6741,12
SALE,20231014,WEB,Direct,17210,2,16484,726
SALE,20231014,WAP,Others,101106,10128,100794,312
SALE,20231014,WAP,Google,56914,2243,56807,107
SALE,20231014,WAP,Direct,41377,1606,41237,140
SALE,20231014,WEB,Others,989,5,707,282
BAU,20230823,WEB,whatsapp,9,0,6,3
BAU,20230823,WEB,Others,965,7,588,377
BAU,20230823,WAP,Others,130155,11699,129840,315
BAU,20230823,WAP,SEO,6523,90,6511,12
BAU,20230823,WAP,FB,284065,17260,283791,274
BAU,20230823,WAP,whatsapp,578,31,575,3
BAU,20230823,WAP,Direct,38252,1362,38105,147
BAU,20230823,WEB,Direct,17793,6,16818,975
BAU,20230823,WEB,FB,447,1,292,155
BAU,20230823,WEB,Google,1147,2,929,218
BAU,20230823,WAP,Google,92132,2857,91971,161
BAU,20230823,WEB,SEO,2552,0,2223,329
BAU,20230906,WAP,Direct,37362,1351,37228,134
BAU,20230906,WAP,SEO,6973,88,6960,13
BAU,20230906,WEB,Others,1012,2,670,342
BAU,20230906,WAP,whatsapp,1704,97,1695,9
BAU,20230906,WEB,FB,306,1,187,119
BAU,20230906,WEB,Google,1156,3,960,196
BAU,20230906,WEB,SEO,2518,0,2254,264
BAU,20230906,WEB,Direct,23214,6,22374,840
BAU,20230906,WAP,Google,79083,2554,78924,159
BAU,20230906,WEB,whatsapp,28,0,20,8
BAU,20230906,WAP,FB,274929,14858,274608,321
BAU,20230906,WAP,Others,121345,11233,121014,331
BAU,20231022,WAP,Google,52481,1930,52400,81
BAU,20231022,WAP,whatsapp,875,36,868,7
BAU,20231022,WEB,FB,396,1,257,139
BAU,20231022,WAP,FB,157958,10149,157791,167
BAU,20231022,WEB,Others,690,11,511,179
BAU,20231022,WAP,Others,83921,7624,83682,239
BAU,20231022,WEB,Google,667,12,578,89
BAU,20231022,WAP,Direct,36554,1327,36445,109
BAU,20231022,WEB,whatsapp,9,0,8,1
BAU,20231022,WEB,SEO,1493,0,1348,145
BAU,20231022,WAP,SEO,6466,90,6453,13
BAU,20231022,WEB,Direct,14450,3,13962,488
BAU,20230826,WAP,whatsapp,527,25,525,2
BAU,20230826,WEB,Google,1193,5,1018,175
BAU,20230826,WAP,SEO,6906,122,6892,14
BAU,20230826,WAP,Others,121911,11257,121600,311
BAU,20230826,WAP,Direct,37587,1337,37470,117
BAU,20230826,WEB,Others,729,1,523,206
BAU,20230826,WAP,FB,263542,16112,263280,262
BAU,20230826,WEB,SEO,2250,0,1976,274
BAU,20230826,WEB,whatsapp,6,0,5,1
BAU,20230826,WEB,FB,387,2,248,139
BAU,20230826,WEB,Direct,21021,8,20265,756
BAU,20230826,WAP,Google,78038,2584,77866,172
BAU,20230913,WEB,Direct,26667,3,25686,981
BAU,20230913,WAP,Direct,38431,1358,38311,120
BAU,20230913,WEB,Google,1089,2,933,156
BAU,20230913,WAP,whatsapp,712,34,709,3
BAU,20230913,WEB,whatsapp,14,0,11,3
BAU,20230913,WEB,FB,792,4,588,204
BAU,20230913,WEB,Others,1106,1,729,377
BAU,20230913,WAP,Google,68646,2390,68534,112
BAU,20230913,WAP,FB,321440,18056,321155,285
BAU,20230913,WAP,Others,129921,11815,129664,257
BAU,20230913,WAP,SEO,6882,101,6873,9
BAU,20230913,WEB,SEO,2576,1,2276,300
BAU,20230725,WEB,Direct,23824,2,22820,1004
BAU,20230725,WAP,FB,323258,18187,322957,301
BAU,20230725,WEB,whatsapp,33,0,23,10
BAU,20230725,WEB,Others,1276,5,834,442
BAU,20230725,WEB,SEO,2705,1,2359,346
BAU,20230725,WEB,FB,461,1,340,121
BAU,20230725,WAP,SEO,9012,125,8999,13
BAU,20230725,WAP,Direct,41775,1288,41614,161
BAU,20230725,WAP,whatsapp,1479,90,1476,3
BAU,20230725,WAP,Google,75027,2660,74869,158
BAU,20230725,WEB,Google,1073,3,904,169
BAU,20230725,WAP,Others,151294,12966,150910,384
BAU,20231018,WAP,SEO,6390,103,6384,6
BAU,20231018,WAP,FB,192801,10693,192603,198
BAU,20231018,WEB,Google,1058,3,913,145
BAU,20231018,WEB,Direct,25360,4,24500,860
BAU,20231018,WEB,FB,486,1,340,146
BAU,20231018,WEB,SEO,2504,2,2229,275
BAU,20231018,WEB,Others,1045,0,694,351
BAU,20231018,WAP,whatsapp,1068,60,1065,3
BAU,20231018,WEB,whatsapp,19,0,14,5
BAU,20231018,WAP,Direct,37913,1258,37751,162
BAU,20231018,WAP,Others,103628,8382,103323,305
BAU,20231018,WAP,Google,63738,2357,63638,100
BAU,20231002,WAP,Google,75262,2531,75139,123
BAU,20231002,WEB,Others,887,5,631,256
BAU,20231002,WAP,Direct,41703,1386,41585,118
BAU,20231002,WEB,FB,585,1,440,145
BAU,20231002,WAP,SEO,7949,94,7932,17
BAU,20231002,WEB,SEO,2386,0,2146,240
BAU,20231002,WAP,FB,269204,14783,268948,256
BAU,20231002,WAP,Others,124474,10413,124177,297
BAU,20231002,WEB,Google,940,4,805,135
BAU,20231002,WEB,whatsapp,17,0,11,6
BAU,20231002,WAP,whatsapp,966,42,965,1
BAU,20231002,WEB,Direct,22005,3,21336,669
